{
    "TPE": [25.0777,    121.233002],
    "TSA": [25.069400,  121.552002],
    "MZG": [23.568701,  119.627998],
    "KNH": [24.4279,    118.359001],
    "SZX": [22.639299,  113.810997],
    "HKG": [22.308901,  113.915001],
    "HEL": [60.317199,  24.963300],
    "NRT": [35.764701,  140.386001],
    "AMS": [52.308601,  4.76389],
    "TXL": [52.5597,    13.2877],
    "LCY": [51.505299,  0.055278],
    "NCE": [43.658401,  7.215869],
    "CPH": [55.617900,  12.656],
    "WAW": [52.16569,   20.967100],
    "STR": [48.689899,  9.221966],
    "BUD": [47.42976,   19.261093],
    "OSL": [60.193901,  11.100399],
    "TOS": [69.683296,  18.918899],
    "BSL": [47.59,      7.5291667],
    "OPO": [41.24810,   -8.681389],
    "SXB": [48.538299,  7.62823],
    "ATH": [37.936401,  23.944499],
    "JTR": [36.3992,    25.479299],
    "ARN": [59.651901,  17.9186],
    "ZRH": [47.464699,  8.54917],
    "BCN": [41.2971,    2.07846],
    "KIX": [34.42729,   135.244003],
    "HKT": [8.1132,     98.316902],
    "AUH": [24.43300,   54.651100],
    "GVA": [46.23809,    6.10895]
}
